question_id,sample_id,attempt_index,tokenized_trace,is_correct
466,0,0,Q466_T01_all_sum_values > Q466_T07_step_polynomial_terms > Q466_T10_step_written_can > Q466_T11_root_implies_gives > Q466_T03_roots_step_values > Q466_T04_theta_frac_sum,True
466,1,1,Q466_T01_all_sum_values > Q466_T02_geometric_polynomial_sum > Q466_T12_roots_polynomial_neq > Q466_T03_roots_step_values > Q466_T04_theta_frac_sum,True
466,2,2,Q466_T01_all_sum_values > Q466_T07_step_polynomial_terms > Q466_T05_roots_implies_must > Q466_T01_all_sum_values,True
466,3,3,Q466_T01_all_sum_values > Q466_T02_geometric_polynomial_sum > Q466_T13_roots_integer_can > Q466_T14_values_theta_since > Q466_T08_first_theta_frac,True
466,4,4,Q466_T01_all_sum_values > Q466_T15_polynomial_zero_text > Q466_T06_roots_step_theta > Q466_T16_step_our_values > Q466_T01_all_sum_values,True
466,5,5,Q466_T01_all_sum_values > Q466_T09_geometric_step_polynomial > Q466_T05_roots_implies_must > Q466_T03_roots_step_values > Q466_T01_all_sum_values,True
466,6,6,Q466_T01_all_sum_values > Q466_T09_geometric_step_polynomial > Q466_T05_roots_implies_must > Q466_T17_root_values_theta > Q466_T01_all_sum_values,True
466,7,7,Q466_T01_all_sum_values > Q466_T02_geometric_polynomial_sum > Q466_T06_roots_step_theta > Q466_T18_step_root_theta > Q466_T01_all_sum_values,True
466,8,8,Q466_T01_all_sum_values > Q466_T02_geometric_polynomial_sum > Q466_T06_roots_step_theta > Q466_T19_our_since_theta > Q466_T04_theta_frac_sum,True
466,9,9,Q466_T01_all_sum_values > Q466_T20_equation > Q466_T21_roots_coefficients_notice > Q466_T22_polar_form_write > Q466_T23_root_since_theta > Q466_T24_than_values_theta > Q466_T08_first_theta_frac > Q466_T25_substitute_expression_back > Q466_T26_roots_arguments_text > Q466_T27_holds_calculation,False
